<?xml version="1.0" encoding="utf-8"?>
<resources>
    <color name="purple_200">#FFBB86FC</color>
    <color name="purple_500">#FF6200EE</color>
    <color name="purple_700">#FF3700B3</color>
    <color name="teal_200">#FF03DAC5</color>
    <color name="teal_700">#FF018786</color>
    <color name="black">#FF000000</color>
    <color name="white">#FFFFFFFF</color>
    <color name="colorPrimary">#039BE5</color>
    <color name="colorPrimaryDark">#0277B0</color>
    <color name="colorAccent">#2478FF</color>
    <color name="colorWhite">#ffffff</color>
    <color name="colorGray">#909090</color>
    <color name="colorOrange_light">#FFBB33</color>
    <color name="colorOrange_dark">#FF8800</color>
</resources>